"row_id","split"
1,"test"
2,"train"
3,"train"
4,"train"
5,"train"
6,"train"
7,"train"
8,"train"
9,"train"
10,"train"
11,"train"
12,"train"
13,"train"
14,"train"
15,"train"
16,"train"
17,"train"
18,"train"
19,"train"
20,"train"
21,"train"
22,"test"
23,"test"
24,"train"
25,"train"
26,"test"
27,"train"
28,"train"
29,"train"
30,"test"
31,"train"
32,"test"
33,"train"
34,"train"
35,"test"
36,"train"
37,"train"
38,"train"
39,"train"
40,"train"
41,"train"
42,"train"
43,"test"
44,"train"
45,"test"
46,"test"
47,"train"
48,"train"
49,"train"
50,"test"
51,"test"
52,"train"
53,"train"
54,"train"
55,"test"
56,"train"
57,"test"
58,"test"
59,"train"
60,"train"
61,"train"
62,"train"
63,"train"
64,"test"
65,"train"
66,"train"
67,"train"
68,"train"
69,"train"
70,"test"
71,"train"
72,"train"
73,"train"
74,"train"
75,"test"
76,"train"
77,"train"
78,"test"
79,"train"
80,"train"
81,"test"
82,"train"
83,"train"
84,"train"
85,"train"
86,"train"
87,"train"
88,"test"
89,"train"
90,"test"
91,"train"
92,"test"
93,"test"
94,"train"
95,"train"
96,"train"
97,"train"
98,"test"
99,"train"
100,"test"
101,"train"
102,"train"
103,"train"
104,"train"
105,"train"
106,"train"
107,"train"
108,"train"
109,"train"
110,"train"
111,"test"
112,"train"
113,"train"
114,"train"
115,"train"
116,"train"
117,"train"
118,"train"
119,"train"
120,"train"
121,"train"
122,"train"
123,"train"
124,"train"
125,"train"
126,"train"
127,"train"
128,"train"
129,"train"
130,"train"
131,"test"
132,"train"
133,"train"
134,"test"
135,"test"
136,"train"
137,"test"
138,"train"
139,"train"
140,"train"
141,"train"
142,"train"
143,"train"
144,"test"
145,"train"
146,"test"
147,"train"
148,"train"
149,"train"
150,"train"
151,"train"
152,"test"
153,"test"
154,"train"
155,"train"
156,"train"
157,"train"
158,"train"
159,"train"
160,"train"
161,"train"
162,"train"
163,"train"
164,"test"
165,"train"
166,"train"
167,"train"
168,"train"
169,"train"
170,"train"
171,"train"
172,"train"
173,"train"
174,"train"
175,"train"
176,"train"
177,"train"
178,"train"
179,"test"
180,"train"
181,"train"
182,"train"
183,"train"
184,"train"
185,"test"
186,"train"
187,"train"
188,"train"
189,"train"
190,"train"
191,"train"
192,"test"
193,"train"
194,"train"
195,"train"
196,"train"
197,"train"
198,"train"
199,"train"
200,"train"
201,"train"
202,"train"
203,"test"
204,"train"
205,"train"
206,"train"
207,"train"
208,"train"
209,"train"
210,"train"
211,"train"
212,"train"
213,"train"
214,"test"
215,"train"
216,"train"
217,"train"
218,"train"
219,"train"
220,"train"
221,"train"
222,"train"
223,"train"
224,"train"
225,"train"
226,"train"
227,"train"
228,"train"
229,"train"
230,"train"
231,"train"
232,"test"
233,"test"
234,"train"
235,"train"
236,"train"
237,"test"
238,"train"
239,"train"
240,"train"
241,"train"
242,"train"
243,"train"
244,"train"
245,"train"
246,"test"
247,"train"
248,"train"
249,"train"
250,"train"
251,"train"
252,"train"
253,"train"
254,"train"
255,"train"
256,"train"
257,"train"
258,"train"
259,"train"
260,"test"
261,"train"
262,"train"
263,"train"
264,"test"
265,"train"
266,"train"
267,"test"
268,"test"
269,"train"
270,"test"
271,"train"
272,"train"
273,"train"
274,"train"
275,"train"
276,"train"
277,"test"
278,"train"
279,"train"
280,"train"
281,"train"
282,"train"
283,"test"
284,"train"
285,"train"
286,"train"
287,"train"
288,"train"
289,"train"
290,"train"
291,"train"
292,"train"
293,"train"
294,"train"
295,"train"
296,"test"
297,"test"
298,"test"
299,"train"
300,"train"
301,"test"
302,"test"
303,"train"
304,"train"
305,"train"
306,"test"
307,"test"
308,"train"
309,"test"
310,"train"
311,"train"
312,"train"
313,"test"
314,"test"
315,"train"
316,"train"
317,"test"
318,"test"
319,"train"
320,"train"
321,"test"
322,"train"
323,"train"
324,"test"
325,"train"
326,"train"
327,"test"
328,"test"
329,"test"
330,"train"
331,"train"
332,"train"
333,"train"
334,"test"
335,"train"
336,"test"
337,"train"
338,"train"
339,"train"
340,"train"
341,"test"
342,"train"
343,"train"
344,"train"
345,"train"
346,"train"
347,"train"
348,"test"
349,"test"
350,"train"
351,"train"
352,"test"
353,"train"
354,"train"
355,"train"
356,"test"
357,"test"
358,"test"
359,"train"
360,"train"
361,"test"
362,"train"
363,"test"
364,"train"
365,"test"
366,"train"
367,"train"
368,"train"
369,"train"
370,"train"
371,"train"
372,"test"
373,"train"
374,"train"
375,"test"
376,"test"
377,"test"
378,"train"
379,"train"
380,"train"
381,"train"
382,"train"
383,"train"
384,"train"
385,"test"
386,"train"
387,"test"
388,"train"
389,"train"
390,"train"
391,"train"
392,"train"
393,"train"
394,"train"
395,"test"
396,"test"
397,"test"
398,"test"
399,"train"
400,"train"
401,"train"
402,"train"
403,"train"
404,"train"
405,"test"
406,"train"
407,"test"
408,"train"
409,"train"
410,"train"
411,"train"
412,"test"
413,"test"
414,"train"
415,"train"
416,"train"
417,"train"
418,"test"
419,"test"
420,"test"
421,"train"
422,"train"
423,"train"
424,"train"
425,"train"
426,"train"
427,"train"
428,"train"
429,"train"
430,"train"
431,"test"
432,"train"
433,"test"
434,"test"
435,"train"
436,"train"
437,"train"
438,"train"
439,"train"
440,"train"
441,"train"
442,"train"
443,"train"
444,"train"
445,"test"
446,"train"
447,"train"
448,"train"
449,"train"
450,"test"
451,"train"
452,"train"
453,"train"
454,"train"
455,"train"
456,"train"
457,"train"
458,"train"
459,"train"
460,"train"
461,"train"
462,"train"
463,"test"
464,"train"
465,"train"
466,"test"
467,"train"
468,"test"
469,"train"
470,"train"
471,"train"
472,"train"
473,"train"
474,"train"
475,"train"
476,"train"
477,"train"
478,"train"
479,"train"
480,"test"
481,"train"
482,"train"
483,"train"
484,"train"
485,"train"
486,"train"
487,"train"
488,"train"
489,"train"
490,"train"
491,"train"
492,"train"
493,"train"
494,"train"
495,"train"
496,"train"
497,"train"
498,"train"
499,"train"
500,"train"
501,"test"
502,"test"
503,"train"
504,"train"
505,"train"
506,"train"
507,"train"
508,"test"
509,"train"
510,"test"
511,"train"
512,"train"
513,"test"
514,"train"
515,"test"
516,"train"
517,"test"
518,"test"
519,"train"
520,"test"
521,"train"
522,"train"
523,"train"
524,"train"
525,"train"
526,"train"
527,"train"
528,"train"
529,"train"
530,"train"
531,"train"
532,"train"
533,"train"
534,"train"
535,"train"
536,"train"
537,"train"
538,"train"
539,"train"
540,"train"
541,"train"
542,"train"
543,"test"
544,"train"
545,"test"
546,"train"
547,"train"
548,"test"
549,"train"
550,"train"
551,"train"
552,"train"
553,"train"
554,"test"
555,"train"
556,"test"
557,"test"
558,"train"
559,"train"
560,"train"
561,"train"
562,"train"
563,"train"
564,"train"
565,"test"
566,"train"
567,"train"
568,"train"
569,"test"
570,"train"
571,"train"
572,"train"
573,"train"
574,"train"
575,"train"
576,"train"
577,"train"
578,"train"
579,"train"
580,"train"
581,"train"
582,"train"
583,"train"
584,"train"
585,"train"
586,"train"
587,"test"
588,"train"
589,"test"
590,"test"
591,"train"
592,"train"
593,"train"
594,"test"
595,"train"
596,"train"
597,"train"
598,"train"
599,"train"
600,"train"
601,"train"
602,"train"
603,"train"
604,"train"
605,"train"
606,"train"
607,"train"
608,"train"
609,"train"
610,"train"
611,"train"
612,"train"
613,"test"
614,"train"
615,"train"
616,"train"
617,"test"
618,"train"
619,"train"
620,"train"
621,"train"
622,"train"
623,"train"
624,"test"
625,"train"
626,"train"
627,"train"
628,"train"
629,"train"
630,"test"
631,"train"
632,"train"
633,"test"
634,"test"
635,"test"
636,"test"
637,"train"
638,"train"
639,"train"
640,"train"
641,"train"
642,"train"
643,"train"
644,"train"
645,"test"
646,"test"
647,"test"
648,"train"
649,"test"
650,"train"
651,"test"
652,"train"
653,"train"
654,"train"
655,"train"
656,"train"
657,"train"
658,"train"
659,"train"
660,"train"
661,"train"
662,"train"
663,"train"
664,"train"
665,"train"
666,"train"
667,"train"
668,"test"
669,"train"
670,"train"
671,"train"
672,"test"
673,"train"
674,"train"
675,"train"
676,"train"
677,"train"
678,"train"
679,"test"
680,"train"
681,"train"
682,"train"
683,"train"
684,"test"
685,"train"
686,"train"
687,"test"
688,"train"
689,"train"
690,"train"
691,"train"
692,"train"
693,"test"
694,"train"
695,"train"
696,"test"
697,"train"
698,"train"
699,"train"
700,"test"
701,"train"
702,"test"
703,"train"
704,"train"
705,"train"
706,"train"
707,"test"
708,"train"
709,"train"
710,"train"
711,"train"
712,"train"
713,"train"
714,"test"
715,"train"
716,"test"
717,"train"
718,"test"
719,"test"
720,"train"
721,"train"
722,"train"
723,"train"
724,"train"
725,"train"
726,"train"
727,"train"
728,"train"
729,"train"
730,"test"
731,"train"
732,"test"
733,"test"
734,"train"
735,"train"
736,"train"
737,"train"
738,"train"
739,"train"
740,"train"
741,"train"
742,"train"
743,"train"
744,"train"
745,"train"
746,"test"
747,"train"
748,"train"
749,"train"
750,"train"
751,"train"
752,"train"
753,"train"
754,"train"
755,"train"
756,"train"
757,"train"
758,"train"
759,"train"
760,"test"
761,"test"
762,"train"
763,"test"
764,"train"
765,"train"
766,"train"
767,"train"
768,"train"
769,"train"
770,"train"
771,"train"
772,"train"
773,"train"
774,"train"
775,"test"
776,"train"
777,"train"
778,"test"
779,"train"
780,"train"
781,"train"
782,"train"
783,"train"
784,"train"
785,"train"
786,"test"
787,"train"
788,"train"
789,"test"
790,"train"
791,"train"
792,"test"
793,"test"
794,"test"
795,"train"
796,"test"
797,"train"
798,"train"
799,"train"
800,"train"
801,"train"
802,"train"
803,"train"
804,"train"
805,"test"
806,"train"
807,"train"
808,"train"
809,"train"
810,"test"
811,"train"
812,"train"
813,"train"
814,"train"
815,"train"
816,"test"
817,"test"
818,"train"
819,"train"
820,"train"
821,"train"
822,"train"
823,"train"
824,"train"
825,"train"
826,"train"
827,"train"
828,"train"
829,"train"
830,"train"
831,"train"
832,"train"
833,"train"
834,"train"
835,"test"
836,"test"
837,"test"
838,"train"
839,"train"
840,"train"
841,"train"
842,"train"
843,"train"
844,"train"
845,"train"
846,"train"
847,"train"
848,"train"
849,"train"
850,"train"
851,"train"
852,"train"
853,"test"
854,"train"
855,"train"
856,"test"
857,"test"
858,"train"
859,"train"
860,"train"
861,"train"
862,"train"
863,"train"
864,"train"
865,"train"
866,"train"
867,"train"
868,"train"
869,"train"
870,"train"
871,"train"
872,"train"
873,"train"
874,"test"
875,"train"
876,"test"
877,"train"
878,"train"
879,"train"
880,"test"
881,"train"
882,"train"
883,"train"
884,"train"
885,"train"
886,"train"
887,"train"
888,"test"
889,"train"
890,"test"
891,"train"
892,"train"
893,"train"
894,"test"
895,"train"
896,"train"
897,"train"
898,"train"
899,"train"
900,"train"
901,"train"
902,"train"
903,"train"
904,"train"
905,"train"
906,"train"
907,"test"
908,"test"
909,"train"
910,"train"
911,"train"
912,"train"
913,"train"
914,"train"
915,"train"
916,"train"
917,"train"
918,"train"
919,"train"
920,"train"
921,"train"
922,"train"
923,"train"
924,"train"
925,"train"
926,"train"
927,"test"
928,"test"
929,"train"
930,"train"
931,"train"
932,"train"
933,"train"
934,"test"
935,"test"
936,"train"
937,"train"
938,"train"
939,"test"
940,"train"
941,"train"
942,"train"
943,"train"
944,"train"
945,"train"
946,"train"
947,"train"
948,"train"
949,"train"
950,"train"
951,"train"
952,"train"
953,"train"
954,"train"
955,"train"
956,"train"
957,"train"
958,"test"
959,"test"
960,"train"
961,"train"
962,"train"
963,"test"
964,"train"
965,"train"
966,"train"
967,"test"
968,"train"
969,"test"
970,"train"
971,"train"
972,"test"
973,"test"
974,"train"
975,"train"
976,"train"
977,"test"
978,"train"
979,"train"
980,"train"
981,"train"
982,"train"
983,"test"
984,"train"
985,"train"
986,"train"
987,"test"
988,"train"
989,"test"
990,"test"
991,"train"
992,"train"
993,"train"
994,"train"
995,"train"
996,"train"
997,"train"
998,"train"
999,"train"
1000,"train"
1001,"test"
1002,"test"
1003,"train"
1004,"train"
1005,"train"
1006,"test"
1007,"train"
1008,"train"
1009,"test"
1010,"train"
1011,"train"
1012,"train"
1013,"train"
1014,"test"
1015,"test"
1016,"test"
1017,"train"
1018,"test"
1019,"train"
1020,"train"
1021,"train"
1022,"train"
1023,"train"
1024,"train"
1025,"train"
1026,"train"
1027,"train"
1028,"train"
1029,"train"
1030,"train"
1031,"train"
1032,"train"
1033,"train"
1034,"train"
1035,"train"
1036,"train"
1037,"train"
1038,"train"
1039,"train"
1040,"train"
1041,"train"
1042,"train"
1043,"test"
1044,"train"
1045,"train"
1046,"train"
1047,"train"
1048,"test"
1049,"train"
1050,"train"
1051,"train"
1052,"train"
1053,"train"
1054,"train"
1055,"train"
1056,"train"
1057,"train"
1058,"train"
1059,"train"
1060,"train"
1061,"train"
1062,"train"
1063,"train"
1064,"train"
1065,"test"
1066,"train"
1067,"test"
1068,"train"
1069,"train"
1070,"train"
1071,"train"
1072,"train"
1073,"train"
1074,"train"
1075,"train"
1076,"train"
1077,"test"
1078,"train"
1079,"train"
1080,"train"
1081,"train"
1082,"train"
1083,"train"
1084,"train"
1085,"test"
1086,"train"
1087,"train"
1088,"train"
1089,"train"
1090,"train"
1091,"train"
1092,"train"
1093,"train"
1094,"test"
1095,"test"
1096,"test"
1097,"train"
1098,"train"
1099,"train"
1100,"train"
1101,"train"
1102,"train"
1103,"train"
1104,"train"
1105,"train"
1106,"train"
1107,"train"
1108,"train"
1109,"train"
1110,"train"
1111,"train"
1112,"train"
1113,"test"
1114,"train"
1115,"train"
1116,"test"
1117,"train"
1118,"train"
1119,"train"
1120,"train"
1121,"train"
1122,"train"
1123,"train"
1124,"train"
1125,"train"
1126,"train"
1127,"train"
1128,"train"
1129,"train"
1130,"test"
1131,"test"
1132,"train"
1133,"train"
1134,"train"
1135,"train"
1136,"train"
1137,"train"
1138,"train"
1139,"test"
1140,"train"
1141,"test"
1142,"test"
1143,"train"
1144,"train"
1145,"train"
1146,"test"
1147,"train"
1148,"train"
1149,"train"
1150,"train"
1151,"test"
1152,"train"
1153,"test"
1154,"train"
1155,"train"
1156,"train"
1157,"train"
1158,"train"
1159,"train"
1160,"train"
1161,"test"
1162,"train"
1163,"train"
1164,"test"
1165,"train"
1166,"train"
1167,"train"
1168,"train"
1169,"test"
1170,"train"
1171,"train"
1172,"train"
1173,"train"
1174,"train"
1175,"train"
1176,"train"
1177,"train"
1178,"train"
1179,"train"
1180,"train"
1181,"train"
1182,"train"
1183,"train"
1184,"train"
1185,"test"
1186,"train"
1187,"train"
1188,"train"
1189,"train"
1190,"train"
1191,"train"
1192,"train"
1193,"train"
1194,"train"
1195,"train"
1196,"train"
1197,"train"
1198,"test"
1199,"train"
1200,"train"
1201,"train"
1202,"train"
1203,"train"
1204,"train"
1205,"train"
1206,"test"
1207,"train"
1208,"train"
1209,"train"
1210,"train"
1211,"test"
1212,"train"
1213,"train"
1214,"train"
1215,"train"
1216,"test"
1217,"train"
1218,"train"
1219,"test"
1220,"train"
1221,"train"
1222,"train"
1223,"train"
1224,"train"
1225,"test"
1226,"test"
1227,"train"
1228,"train"
1229,"test"
1230,"train"
1231,"train"
1232,"train"
1233,"train"
1234,"test"
1235,"train"
1236,"train"
1237,"train"
1238,"train"
1239,"train"
1240,"train"
1241,"train"
1242,"train"
1243,"train"
1244,"test"
1245,"train"
1246,"test"
1247,"train"
1248,"train"
1249,"train"
1250,"train"
1251,"train"
1252,"test"
1253,"train"
1254,"train"
1255,"train"
1256,"train"
1257,"train"
1258,"train"
1259,"train"
1260,"train"
1261,"train"
1262,"train"
1263,"test"
1264,"train"
1265,"train"
1266,"train"
1267,"train"
1268,"train"
1269,"train"
1270,"train"
1271,"train"
1272,"test"
1273,"train"
1274,"train"
1275,"train"
1276,"test"
1277,"train"
1278,"train"
1279,"train"
1280,"train"
1281,"train"
1282,"train"
1283,"train"
1284,"train"
1285,"train"
1286,"train"
1287,"train"
1288,"train"
1289,"train"
1290,"train"
1291,"train"
1292,"train"
1293,"train"
1294,"train"
1295,"train"
1296,"train"
1297,"train"
1298,"train"
1299,"train"
1300,"train"
1301,"train"
1302,"train"
1303,"train"
1304,"train"
1305,"train"
1306,"train"
1307,"train"
1308,"train"
1309,"train"
1310,"test"
1311,"test"
1312,"train"
1313,"train"
1314,"train"
1315,"train"
1316,"train"
1317,"test"
1318,"test"
1319,"test"
1320,"train"
1321,"train"
1322,"test"
1323,"test"
1324,"train"
1325,"train"
1326,"train"
1327,"train"
1328,"test"
1329,"train"
1330,"train"
1331,"train"
1332,"train"
1333,"train"
1334,"train"
1335,"train"
1336,"train"
1337,"test"
1338,"train"
1339,"train"
1340,"train"
1341,"train"
1342,"train"
1343,"train"
1344,"train"
1345,"train"
1346,"train"
1347,"train"
1348,"train"
1349,"train"
1350,"train"
1351,"train"
1352,"train"
1353,"train"
1354,"train"
1355,"train"
1356,"train"
1357,"train"
1358,"test"
1359,"train"
1360,"train"
1361,"test"
1362,"test"
1363,"train"
1364,"train"
1365,"train"
1366,"test"
1367,"train"
1368,"test"
1369,"train"
1370,"train"
1371,"train"
1372,"train"
1373,"train"
1374,"train"
1375,"train"
1376,"test"
1377,"train"
1378,"train"
1379,"train"
1380,"train"
1381,"train"
1382,"train"
1383,"train"
1384,"train"
1385,"train"
1386,"train"
1387,"train"
1388,"train"
1389,"train"
1390,"train"
1391,"test"
1392,"train"
1393,"train"
1394,"train"
1395,"test"
1396,"test"
1397,"train"
1398,"train"
1399,"train"
1400,"train"
1401,"train"
1402,"train"
1403,"train"
1404,"train"
1405,"train"
1406,"train"
1407,"train"
1408,"train"
1409,"train"
1410,"train"
1411,"test"
1412,"train"
1413,"train"
1414,"test"
1415,"test"
1416,"train"
1417,"train"
1418,"train"
1419,"test"
1420,"train"
1421,"train"
1422,"train"
1423,"train"
1424,"train"
1425,"train"
1426,"train"
1427,"train"
1428,"train"
1429,"train"
1430,"train"
1431,"train"
1432,"train"
1433,"train"
1434,"train"
1435,"train"
1436,"test"
1437,"test"
1438,"train"
1439,"train"
1440,"train"
1441,"train"
1442,"train"
1443,"train"
1444,"train"
1445,"test"
1446,"train"
1447,"test"
1448,"train"
1449,"train"
1450,"train"
1451,"test"
1452,"train"
1453,"test"
1454,"test"
1455,"train"
1456,"train"
1457,"train"
1458,"test"
1459,"train"
1460,"train"
1461,"test"
1462,"train"
1463,"train"
1464,"train"
1465,"train"
1466,"train"
1467,"train"
1468,"train"
1469,"train"
1470,"train"
1471,"test"
1472,"train"
1473,"train"
1474,"test"
1475,"train"
1476,"train"
1477,"train"
1478,"test"
1479,"train"
1480,"train"
1481,"train"
1482,"train"
1483,"train"
1484,"train"
1485,"train"
1486,"train"
1487,"train"
1488,"train"
1489,"train"
1490,"train"
1491,"test"
1492,"train"
1493,"train"
1494,"train"
1495,"test"
1496,"train"
1497,"train"
1498,"train"
1499,"train"
1500,"test"
1501,"test"
1502,"train"
1503,"train"
1504,"train"
1505,"train"
1506,"train"
1507,"train"
1508,"train"
1509,"test"
1510,"train"
1511,"train"
1512,"train"
1513,"train"
1514,"test"
1515,"test"
1516,"test"
1517,"train"
1518,"test"
1519,"test"
1520,"train"
1521,"train"
1522,"train"
1523,"train"
1524,"train"
1525,"train"
1526,"train"
1527,"test"
1528,"train"
1529,"train"
1530,"test"
1531,"test"
1532,"train"
1533,"test"
1534,"train"
1535,"train"
1536,"train"
1537,"train"
1538,"train"
1539,"train"
1540,"train"
1541,"train"
1542,"train"
1543,"train"
1544,"test"
1545,"train"
1546,"test"
1547,"test"
1548,"train"
1549,"test"
1550,"train"
1551,"train"
1552,"train"
1553,"test"
1554,"test"
1555,"train"
1556,"train"
1557,"train"
1558,"train"
1559,"train"
1560,"train"
1561,"test"
1562,"train"
1563,"train"
1564,"train"
1565,"train"
1566,"train"
1567,"train"
1568,"train"
1569,"train"
1570,"train"
1571,"train"
1572,"test"
1573,"train"
1574,"train"
1575,"test"
1576,"train"
1577,"test"
1578,"train"
1579,"train"
1580,"test"
1581,"train"
1582,"train"
1583,"train"
1584,"train"
1585,"train"
1586,"train"
1587,"train"
1588,"train"
1589,"train"
1590,"train"
1591,"test"
1592,"train"
1593,"train"
1594,"train"
1595,"test"
1596,"train"
1597,"train"
1598,"test"
1599,"train"
1600,"train"
1601,"train"
1602,"test"
1603,"train"
1604,"train"
1605,"train"
1606,"train"
1607,"train"
1608,"test"
1609,"train"
1610,"train"
1611,"train"
1612,"train"
1613,"train"
1614,"train"
1615,"train"
1616,"train"
1617,"train"
1618,"train"
1619,"train"
1620,"train"
1621,"test"
1622,"train"
1623,"train"
1624,"train"
1625,"train"
1626,"train"
1627,"test"
1628,"train"
1629,"train"
1630,"test"
1631,"train"
1632,"train"
1633,"test"
1634,"train"
1635,"train"
1636,"train"
1637,"train"
1638,"train"
1639,"train"
1640,"train"
1641,"test"
1642,"train"
1643,"train"
1644,"train"
1645,"test"
1646,"train"
1647,"train"
1648,"train"
1649,"train"
1650,"test"
1651,"test"
1652,"train"
1653,"test"
1654,"train"
1655,"test"
1656,"train"
1657,"train"
1658,"train"
1659,"test"
1660,"train"
1661,"train"
1662,"train"
1663,"train"
1664,"train"
1665,"test"
1666,"train"
1667,"train"
1668,"train"
1669,"train"
1670,"train"
1671,"train"
1672,"train"
1673,"test"
1674,"train"
1675,"train"
1676,"train"
1677,"train"
1678,"train"
1679,"train"
1680,"train"
1681,"test"
1682,"train"
1683,"test"
1684,"test"
1685,"train"
1686,"train"
1687,"train"
1688,"train"
1689,"test"
1690,"train"
1691,"train"
1692,"train"
1693,"train"
1694,"test"
1695,"train"
1696,"train"
1697,"train"
1698,"train"
1699,"train"
1700,"test"
1701,"test"
1702,"train"
1703,"train"
1704,"train"
1705,"train"
1706,"train"
1707,"train"
1708,"train"
1709,"train"
1710,"train"
1711,"train"
1712,"train"
1713,"train"
1714,"train"
1715,"train"
1716,"train"
1717,"test"
1718,"train"
1719,"train"
1720,"train"
1721,"train"
1722,"train"
1723,"train"
1724,"train"
1725,"train"
1726,"train"
1727,"train"
1728,"train"
1729,"train"
1730,"train"
1731,"train"
1732,"train"
1733,"train"
1734,"train"
1735,"train"
1736,"test"
1737,"test"
1738,"train"
1739,"train"
1740,"train"
1741,"train"
1742,"train"
1743,"train"
1744,"train"
1745,"train"
1746,"train"
1747,"train"
1748,"test"
1749,"train"
1750,"train"
1751,"train"
1752,"train"
1753,"train"
1754,"test"
1755,"train"
1756,"test"
1757,"train"
1758,"test"
1759,"test"
1760,"train"
1761,"train"
1762,"train"
1763,"train"
1764,"train"
1765,"train"
1766,"train"
1767,"train"
1768,"train"
1769,"test"
1770,"train"
1771,"train"
1772,"train"
1773,"test"
1774,"train"
1775,"train"
1776,"train"
1777,"train"
1778,"test"
1779,"train"
1780,"train"
1781,"train"
1782,"train"
1783,"train"
1784,"train"
1785,"train"
1786,"train"
1787,"train"
1788,"train"
1789,"train"
1790,"train"
1791,"train"
1792,"test"
1793,"train"
1794,"train"
1795,"test"
1796,"train"
1797,"train"
1798,"train"
1799,"train"
1800,"train"
1801,"train"
1802,"train"
1803,"train"
1804,"test"
1805,"train"
1806,"train"
1807,"test"
1808,"train"
1809,"train"
1810,"train"
1811,"train"
1812,"test"
1813,"test"
1814,"train"
1815,"test"
1816,"train"
1817,"train"
1818,"train"
1819,"test"
1820,"train"
1821,"train"
1822,"test"
1823,"test"
1824,"train"
1825,"train"
1826,"train"
1827,"train"
1828,"train"
1829,"train"
1830,"train"
1831,"train"
1832,"train"
1833,"train"
1834,"test"
1835,"test"
1836,"train"
1837,"train"
1838,"train"
1839,"train"
1840,"train"
1841,"train"
1842,"train"
1843,"train"
1844,"train"
1845,"train"
1846,"train"
1847,"train"
1848,"train"
1849,"train"
1850,"train"
1851,"train"
1852,"train"
1853,"test"
1854,"train"
1855,"test"
1856,"test"
1857,"train"
1858,"train"
1859,"train"
1860,"train"
1861,"train"
1862,"test"
1863,"train"
1864,"train"
1865,"train"
1866,"train"
1867,"train"
1868,"test"
1869,"train"
1870,"train"
1871,"train"
1872,"train"
1873,"train"
1874,"train"
1875,"test"
1876,"train"
1877,"train"
1878,"train"
1879,"train"
1880,"train"
1881,"train"
1882,"train"
1883,"train"
1884,"train"
1885,"train"
1886,"train"
1887,"test"
1888,"train"
1889,"train"
1890,"train"
1891,"test"
1892,"train"
1893,"train"
1894,"train"
1895,"train"
1896,"train"
1897,"train"
1898,"train"
1899,"train"
1900,"train"
1901,"train"
1902,"train"
1903,"train"
1904,"train"
1905,"train"
1906,"train"
1907,"train"
1908,"test"
1909,"train"
1910,"train"
1911,"train"
1912,"train"
1913,"train"
1914,"train"
1915,"train"
1916,"train"
1917,"train"
1918,"test"
1919,"train"
1920,"train"
1921,"train"
1922,"train"
1923,"train"
1924,"test"
1925,"train"
1926,"train"
1927,"train"
1928,"train"
1929,"train"
1930,"train"
1931,"train"
1932,"train"
1933,"train"
1934,"train"
1935,"train"
1936,"test"
1937,"train"
1938,"test"
1939,"train"
1940,"train"
1941,"train"
1942,"train"
1943,"train"
1944,"train"
1945,"train"
1946,"train"
1947,"test"
1948,"train"
1949,"train"
1950,"test"
1951,"train"
1952,"test"
1953,"test"
1954,"train"
1955,"train"
1956,"train"
1957,"train"
1958,"train"
1959,"train"
1960,"train"
1961,"train"
1962,"train"
1963,"train"
1964,"test"
1965,"train"
1966,"train"
1967,"train"
1968,"train"
1969,"train"
1970,"train"
1971,"train"
1972,"train"
1973,"test"
1974,"test"
1975,"train"
1976,"train"
1977,"train"
1978,"train"
1979,"train"
1980,"test"
1981,"train"
1982,"train"
1983,"test"
1984,"train"
1985,"test"
1986,"test"
1987,"test"
1988,"train"
1989,"train"
1990,"test"
1991,"train"
1992,"train"
1993,"train"
1994,"test"
1995,"train"
1996,"train"
1997,"train"
1998,"train"
1999,"train"
2000,"train"
2001,"train"
2002,"train"
2003,"train"
2004,"train"
2005,"train"
2006,"test"
2007,"train"
2008,"train"
2009,"train"
2010,"test"
2011,"train"
2012,"train"
2013,"train"
2014,"train"
2015,"train"
2016,"train"
2017,"train"
2018,"train"
2019,"test"
2020,"train"
2021,"train"
2022,"train"
2023,"train"
2024,"train"
2025,"train"
2026,"train"
2027,"train"
2028,"train"
2029,"train"
2030,"train"
2031,"train"
2032,"test"
2033,"train"
2034,"train"
2035,"train"
2036,"train"
2037,"train"
2038,"test"
2039,"train"
2040,"test"
2041,"train"
2042,"test"
2043,"train"
2044,"train"
2045,"train"
2046,"train"
2047,"train"
2048,"train"
2049,"test"
2050,"test"
2051,"train"
2052,"test"
2053,"train"
2054,"train"
2055,"train"
2056,"train"
2057,"train"
2058,"train"
2059,"train"
2060,"train"
2061,"train"
2062,"train"
2063,"train"
2064,"train"
2065,"train"
2066,"test"
2067,"train"
2068,"train"
2069,"test"
2070,"train"
2071,"train"
2072,"test"
2073,"train"
2074,"train"
2075,"test"
2076,"train"
2077,"train"
2078,"train"
2079,"train"
2080,"train"
2081,"test"
2082,"test"
2083,"train"
2084,"test"
2085,"train"
2086,"test"
2087,"test"
2088,"test"
2089,"test"
2090,"train"
2091,"train"
2092,"train"
2093,"train"
2094,"train"
2095,"train"
2096,"train"
2097,"train"
2098,"train"
2099,"train"
2100,"train"
2101,"train"
2102,"train"
2103,"train"
2104,"train"
2105,"train"
2106,"train"
2107,"train"
2108,"test"
2109,"train"
2110,"train"
2111,"train"
2112,"test"
2113,"test"
2114,"train"
2115,"test"
2116,"train"
2117,"test"
2118,"train"
2119,"train"
2120,"train"
2121,"train"
2122,"train"
2123,"train"
2124,"test"
2125,"train"
2126,"train"
2127,"train"
2128,"train"
2129,"train"
2130,"train"
2131,"train"
2132,"train"
2133,"test"
2134,"train"
2135,"train"
2136,"train"
2137,"train"
2138,"train"
2139,"test"
2140,"train"
2141,"train"
2142,"test"
2143,"train"
2144,"train"
2145,"train"
2146,"train"
2147,"train"
2148,"test"
2149,"train"
2150,"test"
2151,"train"
2152,"train"
2153,"train"
2154,"train"
2155,"train"
2156,"train"
2157,"train"
2158,"train"
2159,"train"
2160,"train"
2161,"test"
2162,"train"
2163,"train"
2164,"test"
2165,"train"
2166,"train"
2167,"test"
2168,"train"
2169,"train"
2170,"train"
2171,"train"
2172,"train"
2173,"train"
2174,"train"
2175,"train"
2176,"train"
2177,"train"
2178,"train"
2179,"test"
2180,"train"
2181,"train"
2182,"test"
2183,"train"
2184,"train"
2185,"train"
2186,"train"
2187,"train"
2188,"train"
2189,"train"
2190,"train"
2191,"test"
2192,"train"
2193,"train"
2194,"train"
2195,"train"
2196,"train"
2197,"train"
2198,"train"
2199,"train"
2200,"train"
2201,"train"
2202,"train"
2203,"train"
2204,"train"
2205,"train"
2206,"train"
2207,"train"
2208,"train"
2209,"test"
2210,"train"
2211,"train"
2212,"train"
2213,"test"
2214,"train"
2215,"train"
2216,"train"
2217,"train"
2218,"train"
2219,"train"
2220,"train"
2221,"train"
2222,"train"
2223,"test"
2224,"train"
2225,"train"
2226,"train"
2227,"test"
2228,"train"
2229,"train"
2230,"train"
2231,"train"
2232,"train"
2233,"train"
2234,"train"
2235,"train"
2236,"train"
2237,"train"
2238,"train"
2239,"train"
2240,"train"
2241,"train"
2242,"train"
2243,"train"
2244,"train"
2245,"train"
2246,"test"
2247,"test"
2248,"train"
2249,"train"
2250,"train"
2251,"train"
2252,"train"
2253,"test"
2254,"train"
2255,"train"
2256,"train"
2257,"train"
2258,"test"
2259,"train"
2260,"train"
2261,"train"
2262,"test"
2263,"train"
2264,"train"
2265,"train"
2266,"test"
2267,"train"
2268,"test"
2269,"train"
2270,"train"
2271,"test"
2272,"test"
2273,"train"
2274,"train"
2275,"test"
2276,"train"
2277,"train"
2278,"train"
2279,"test"
2280,"test"
2281,"train"
2282,"test"
2283,"train"
2284,"train"
2285,"test"
2286,"train"
2287,"test"
2288,"train"
2289,"train"
2290,"train"
2291,"train"
2292,"train"
2293,"train"
2294,"train"
2295,"test"
2296,"train"
2297,"train"
2298,"train"
2299,"train"
2300,"train"
2301,"train"
2302,"train"
2303,"train"
2304,"train"
2305,"train"
2306,"train"
2307,"train"
2308,"train"
2309,"test"
2310,"train"
2311,"train"
2312,"train"
2313,"train"
2314,"test"
2315,"train"
2316,"train"
2317,"train"
2318,"train"
2319,"train"
2320,"train"
2321,"train"
2322,"train"
2323,"test"
2324,"train"
2325,"train"
2326,"train"
2327,"train"
2328,"train"
2329,"train"
2330,"train"
2331,"train"
2332,"train"
2333,"train"
2334,"train"
2335,"train"
2336,"train"
2337,"train"
2338,"train"
2339,"test"
2340,"train"
2341,"train"
2342,"train"
2343,"train"
2344,"train"
2345,"train"
2346,"train"
2347,"test"
2348,"test"
2349,"test"
2350,"train"
2351,"train"
2352,"test"
2353,"train"
2354,"train"
2355,"train"
2356,"train"
2357,"train"
2358,"train"
2359,"train"
2360,"train"
2361,"train"
2362,"train"
2363,"train"
2364,"train"
2365,"train"
2366,"train"
2367,"train"
2368,"train"
2369,"test"
2370,"train"
2371,"train"
2372,"train"
2373,"train"
2374,"train"
2375,"train"
2376,"train"
2377,"train"
2378,"train"
2379,"test"
2380,"train"
2381,"train"
2382,"train"
2383,"test"
2384,"train"
2385,"train"
2386,"test"
2387,"test"
2388,"train"
2389,"train"
2390,"train"
2391,"train"
2392,"test"
2393,"train"
2394,"train"
2395,"test"
2396,"train"
2397,"train"
2398,"train"
2399,"train"
2400,"train"
2401,"train"
2402,"train"
2403,"train"
2404,"train"
2405,"train"
2406,"train"
2407,"test"
2408,"train"
2409,"train"
2410,"test"
2411,"train"
2412,"train"
2413,"test"
2414,"train"
2415,"train"
2416,"train"
2417,"train"
2418,"test"
2419,"train"
2420,"train"
2421,"train"
2422,"train"
2423,"test"
2424,"train"
2425,"test"
2426,"test"
2427,"train"
2428,"train"
2429,"train"
2430,"train"
2431,"train"
2432,"test"
2433,"train"
2434,"train"
2435,"train"
2436,"train"
2437,"test"
2438,"test"
2439,"train"
2440,"train"
2441,"train"
2442,"train"
2443,"train"
2444,"train"
2445,"train"
2446,"train"
2447,"train"
2448,"train"
2449,"train"
2450,"test"
2451,"train"
2452,"train"
2453,"train"
2454,"train"
2455,"train"
2456,"train"
2457,"test"
2458,"train"
2459,"train"
2460,"train"
2461,"train"
2462,"train"
2463,"train"
2464,"train"
2465,"train"
2466,"train"
2467,"train"
2468,"train"
2469,"train"
2470,"train"
2471,"test"
2472,"train"
2473,"train"
2474,"train"
2475,"train"
2476,"train"
2477,"train"
2478,"train"
2479,"train"
2480,"train"
2481,"test"
2482,"train"
2483,"test"
2484,"train"
2485,"test"
2486,"train"
2487,"train"
2488,"train"
2489,"train"
2490,"train"
2491,"train"
2492,"train"
2493,"train"
2494,"train"
2495,"train"
2496,"train"
2497,"train"
2498,"train"
2499,"train"
2500,"train"
2501,"train"
2502,"train"
2503,"train"
2504,"train"
2505,"train"
2506,"train"
2507,"train"
2508,"train"
2509,"train"
2510,"train"
2511,"train"
2512,"train"
2513,"train"
2514,"test"
2515,"train"
2516,"train"
2517,"train"
2518,"train"
2519,"train"
2520,"train"
2521,"train"
2522,"train"
2523,"train"
2524,"train"
2525,"train"
2526,"train"
2527,"test"
2528,"train"
2529,"train"
2530,"train"
2531,"train"
2532,"test"
2533,"test"
2534,"train"
2535,"train"
2536,"test"
2537,"test"
2538,"train"
2539,"train"
2540,"train"
2541,"train"
2542,"train"
2543,"train"
2544,"train"
2545,"train"
2546,"train"
2547,"train"
2548,"train"
2549,"test"
2550,"train"
2551,"train"
2552,"test"
2553,"train"
2554,"train"
2555,"train"
2556,"train"
2557,"test"
2558,"train"
2559,"test"
2560,"train"
2561,"test"
2562,"train"
2563,"train"
2564,"train"
2565,"train"
2566,"train"
2567,"test"
2568,"train"
2569,"train"
2570,"train"
2571,"train"
2572,"train"
2573,"train"
2574,"train"
2575,"train"
2576,"train"
2577,"train"
2578,"train"
2579,"train"
2580,"train"
2581,"train"
2582,"train"
2583,"train"
2584,"train"
2585,"test"
2586,"train"
2587,"train"
2588,"train"
2589,"train"
2590,"train"
2591,"train"
2592,"test"
2593,"train"
2594,"train"
2595,"train"
2596,"train"
2597,"train"
2598,"train"
2599,"train"
2600,"train"
2601,"train"
2602,"train"
2603,"test"
2604,"train"
2605,"train"
2606,"train"
2607,"test"
2608,"train"
2609,"train"
2610,"train"
2611,"train"
2612,"test"
2613,"train"
2614,"train"
2615,"train"
2616,"train"
2617,"test"
2618,"train"
2619,"train"
2620,"train"
2621,"train"
2622,"test"
2623,"train"
2624,"train"
2625,"train"
2626,"train"
2627,"test"
2628,"train"
2629,"train"
2630,"test"
2631,"train"
2632,"train"
2633,"train"
2634,"test"
2635,"test"
2636,"train"
2637,"train"
2638,"train"
2639,"train"
2640,"train"
2641,"test"
2642,"train"
2643,"train"
2644,"train"
2645,"train"
2646,"test"
2647,"train"
2648,"train"
2649,"test"
2650,"train"
2651,"train"
2652,"train"
2653,"train"
2654,"train"
2655,"test"
2656,"train"
2657,"train"
2658,"train"
2659,"train"
2660,"train"
2661,"train"
2662,"train"
2663,"train"
2664,"test"
2665,"test"
2666,"train"
2667,"train"
2668,"train"
2669,"train"
2670,"train"
2671,"train"
2672,"train"
2673,"train"
2674,"train"
2675,"train"
2676,"train"
2677,"train"
2678,"train"
2679,"train"
2680,"train"
2681,"test"
2682,"train"
2683,"train"
2684,"train"
2685,"train"
2686,"train"
2687,"test"
2688,"train"
2689,"train"
2690,"train"
2691,"train"
2692,"train"
2693,"test"
2694,"train"
2695,"train"
2696,"train"
2697,"test"
2698,"train"
2699,"train"
2700,"train"
2701,"train"
2702,"train"
2703,"train"
2704,"train"
2705,"train"
2706,"train"
2707,"train"
2708,"train"
2709,"train"
2710,"train"
2711,"train"
2712,"test"
2713,"train"
2714,"train"
2715,"train"
2716,"train"
2717,"test"
2718,"train"
2719,"train"
2720,"test"
2721,"test"
2722,"train"
2723,"train"
2724,"train"
2725,"train"
2726,"train"
2727,"train"
2728,"train"
2729,"train"
2730,"test"
2731,"train"
2732,"train"
2733,"test"
2734,"train"
2735,"train"
2736,"test"
2737,"train"
2738,"train"
2739,"test"
2740,"train"
2741,"train"
2742,"test"
2743,"train"
2744,"test"
2745,"train"
2746,"test"
2747,"train"
2748,"train"
2749,"train"
2750,"train"
2751,"train"
2752,"train"
2753,"train"
2754,"train"
2755,"train"
2756,"train"
2757,"train"
2758,"train"
2759,"train"
2760,"test"
2761,"train"
2762,"train"
2763,"train"
2764,"train"
2765,"train"
2766,"train"
2767,"train"
2768,"test"
2769,"train"
2770,"test"
2771,"test"
2772,"train"
2773,"train"
2774,"test"
2775,"test"
2776,"train"
2777,"train"
2778,"train"
2779,"train"
2780,"train"
2781,"train"
2782,"train"
2783,"train"
2784,"test"
2785,"train"
2786,"train"
2787,"train"
2788,"train"
2789,"train"
2790,"train"
2791,"train"
2792,"test"
2793,"train"
2794,"train"
2795,"train"
2796,"train"
2797,"train"
2798,"test"
2799,"test"
2800,"train"
2801,"train"
2802,"train"
2803,"train"
2804,"train"
2805,"test"
2806,"train"
2807,"train"
2808,"train"
2809,"train"
2810,"train"
2811,"test"
2812,"train"
2813,"train"
2814,"train"
2815,"train"
2816,"train"
2817,"train"
2818,"test"
2819,"train"
2820,"train"
2821,"train"
2822,"train"
2823,"train"
2824,"test"
2825,"train"
2826,"train"
2827,"train"
2828,"train"
2829,"test"
2830,"train"
2831,"train"
2832,"train"
2833,"test"
2834,"train"
2835,"test"
2836,"train"
2837,"train"
2838,"test"
2839,"train"
2840,"train"
2841,"train"
2842,"train"
2843,"train"
2844,"train"
2845,"train"
2846,"train"
2847,"train"
2848,"test"
2849,"train"
2850,"train"
2851,"train"
2852,"test"
2853,"train"
2854,"test"
2855,"train"
2856,"train"
2857,"train"
2858,"train"
2859,"train"
2860,"test"
2861,"train"
2862,"train"
2863,"train"
2864,"train"
2865,"train"
2866,"train"
2867,"train"
2868,"train"
2869,"test"
2870,"train"
2871,"train"
2872,"train"
2873,"train"
2874,"train"
2875,"train"
2876,"train"
2877,"test"
2878,"train"
2879,"train"
2880,"test"
2881,"train"
2882,"train"
2883,"train"
2884,"train"
2885,"test"
2886,"test"
2887,"train"
2888,"train"
2889,"train"
2890,"train"
2891,"train"
2892,"train"
2893,"train"
2894,"train"
2895,"train"
2896,"test"
2897,"train"
2898,"train"
2899,"train"
2900,"test"
2901,"test"
2902,"train"
2903,"train"
2904,"train"
2905,"train"
2906,"train"
2907,"train"
2908,"train"
2909,"train"
2910,"train"
2911,"train"
2912,"test"
2913,"train"
2914,"train"
2915,"train"
2916,"train"
2917,"train"
2918,"train"
2919,"train"
2920,"train"
2921,"train"
2922,"train"
2923,"train"
2924,"train"
2925,"test"
2926,"train"
2927,"test"
2928,"train"
2929,"train"
2930,"train"
2931,"train"
2932,"train"
2933,"train"
2934,"train"
2935,"train"
2936,"train"
2937,"train"
2938,"train"
2939,"train"
2940,"train"
2941,"test"
2942,"train"
2943,"train"
2944,"train"
2945,"train"
2946,"train"
2947,"test"
2948,"train"
2949,"train"
2950,"train"
2951,"train"
2952,"test"
2953,"train"
2954,"train"
2955,"test"
2956,"train"
2957,"test"
2958,"train"
2959,"train"
2960,"train"
2961,"train"
2962,"train"
2963,"train"
2964,"train"
2965,"test"
2966,"train"
2967,"train"
2968,"train"
2969,"train"
2970,"train"
2971,"train"
2972,"train"
2973,"train"
2974,"train"
2975,"train"
2976,"train"
2977,"test"
2978,"train"
2979,"train"
2980,"train"
2981,"train"
2982,"train"
2983,"test"
2984,"test"
2985,"test"
2986,"train"
2987,"train"
2988,"test"
2989,"train"
2990,"train"
2991,"train"
2992,"train"
2993,"train"
2994,"train"
2995,"test"
2996,"train"
2997,"train"
2998,"train"
2999,"train"
3000,"train"
3001,"train"
3002,"train"
3003,"train"
3004,"train"
3005,"train"
3006,"train"
3007,"train"
3008,"train"
3009,"train"
3010,"train"
3011,"test"
3012,"train"
3013,"train"
3014,"test"
3015,"train"
3016,"train"
3017,"test"
3018,"train"
3019,"train"
3020,"train"
3021,"train"
3022,"train"
3023,"train"
3024,"train"
3025,"test"
3026,"train"
3027,"test"
3028,"train"
3029,"train"
3030,"train"
3031,"test"
3032,"train"
3033,"test"
3034,"train"
3035,"train"
3036,"train"
3037,"train"
3038,"train"
3039,"train"
3040,"train"
3041,"train"
3042,"train"
3043,"test"
3044,"test"
3045,"test"
3046,"test"
3047,"test"
3048,"train"
3049,"train"
3050,"train"
3051,"train"
3052,"train"
3053,"test"
3054,"train"
3055,"train"
3056,"train"
3057,"train"
3058,"train"
3059,"train"
3060,"train"
3061,"train"
3062,"train"
3063,"train"
3064,"test"
3065,"test"
3066,"train"
3067,"test"
3068,"train"
3069,"train"
3070,"train"
3071,"test"
3072,"train"
3073,"test"
3074,"train"
3075,"test"
3076,"train"
3077,"test"
3078,"train"
3079,"train"
3080,"train"
3081,"train"
3082,"train"
3083,"train"
3084,"test"
3085,"train"
3086,"train"
3087,"train"
3088,"train"
3089,"train"
3090,"test"
3091,"train"
3092,"test"
3093,"test"
3094,"train"
3095,"test"
3096,"train"
3097,"test"
3098,"train"
3099,"train"
3100,"train"
3101,"train"
3102,"train"
3103,"train"
3104,"train"
3105,"train"
3106,"train"
3107,"train"
3108,"train"
3109,"train"
3110,"train"
3111,"train"
3112,"train"
3113,"train"
3114,"train"
3115,"train"
3116,"train"
3117,"train"
3118,"train"
3119,"train"
3120,"train"
3121,"test"
3122,"train"
3123,"test"
3124,"train"
3125,"train"
3126,"test"
3127,"test"
3128,"test"
3129,"train"
3130,"test"
3131,"train"
3132,"train"
3133,"train"
3134,"test"
3135,"train"
3136,"train"
3137,"test"
3138,"train"
3139,"train"
3140,"train"
3141,"train"
3142,"train"
3143,"test"
3144,"train"
3145,"train"
3146,"test"
3147,"train"
3148,"train"
3149,"test"
3150,"train"
3151,"train"
3152,"train"
3153,"test"
3154,"train"
3155,"train"
3156,"train"
3157,"train"
3158,"test"
3159,"train"
3160,"train"
3161,"train"
3162,"train"
3163,"train"
3164,"test"
3165,"test"
3166,"test"
3167,"train"
3168,"train"
3169,"test"
3170,"train"
3171,"train"
3172,"train"
3173,"train"
3174,"test"
3175,"train"
3176,"test"
3177,"test"
3178,"train"
3179,"train"
3180,"train"
3181,"train"
3182,"train"
3183,"train"
3184,"train"
3185,"train"
3186,"train"
3187,"test"
3188,"test"
3189,"test"
3190,"train"
3191,"train"
3192,"test"
3193,"train"
3194,"train"
3195,"train"
3196,"train"
3197,"train"
3198,"test"
3199,"train"
3200,"train"
3201,"train"
3202,"train"
3203,"train"
3204,"train"
3205,"train"
3206,"train"
3207,"train"
3208,"train"
3209,"train"
3210,"train"
3211,"train"
3212,"train"
3213,"train"
3214,"test"
3215,"train"
3216,"train"
3217,"train"
3218,"train"
3219,"train"
3220,"train"
3221,"train"
3222,"train"
3223,"train"
3224,"train"
3225,"train"
3226,"train"
3227,"train"
3228,"train"
3229,"train"
3230,"train"
3231,"train"
3232,"train"
3233,"train"
3234,"train"
3235,"train"
3236,"train"
3237,"test"
3238,"train"
3239,"test"
3240,"train"
3241,"test"
3242,"test"
3243,"train"
3244,"train"
3245,"train"
3246,"train"
3247,"train"
3248,"train"
3249,"train"
3250,"test"
3251,"test"
3252,"test"
3253,"test"
3254,"train"
3255,"test"
3256,"train"
3257,"train"
3258,"train"
3259,"train"
3260,"test"
3261,"train"
3262,"test"
3263,"train"
